{"permalink_structure":"\/%postname%\/","woocommerce_permalinks":{"product_base":"product","category_base":"product-category","tag_base":"product-tag","attribute_base":"","use_verbose_page_rules":false},"sticky_posts":[254],"zn_dannys_restaurant_custom_js":"","zn_dannys_restaurant_custom_css":"\/*Navi numbers*\/\r\n.tp-bullets.numbers {\r\n    height: auto !important;\r\n}\r\n\r\n.numbers .tp-bullet {\r\n    background:transparent!important; \r\n    font-size: 12px;\r\n    color: #fff;\r\n    font-weight: 500;\r\n    width: 45px;\r\n    height: 20px;\r\n    text-align: right;\r\n    letter-spacing: 3px;\r\n    position: relative;\r\n    top: auto !important;\r\n}\r\n\r\n.numbers .tp-bullet.selected { \r\n    background:transparent!important;\r\n    color:#fff; \r\n}\r\n.numbers .tp-bullet.selected:hover  {\r\n    background:transparent!important;\r\n}\r\n.numbers .tp-bullet:hover  {\r\n    background:transparent!important;\r\n}\r\n\r\n.numbers .tp-bullet::before {\r\n    content: \"\";\r\n    width: 15px;\r\n    height: 1px;\r\n    position: absolute;\r\n    top: 10px;\r\n    left: 0;\r\n    display: block;\r\n    background-color: #fff;\r\n    -webkit-transition: all 0.1s ease-in-out;\r\n    -moz-transition: all 0.1s ease-in-out;\r\n    -o-transition: all 0.1s ease-in-out;\r\n    transition: all 0.1s ease-in-out;\r\n}\r\n\r\n.numbers .tp-bullet.selected {\r\n    color: #cc9933;\r\n}\r\n\r\n.numbers .tp-bullet.selected::before {\r\n    width: 45px;\r\n    background-color: #cc9933;\r\n}\r\n\r\n.rev_slider ul, .rev_slider li{\r\n    overflow:visible!important;\r\n}"}