{"_#6b52da91dd9b7b8387217466cddb591e#_":{"id":19,"path":"2017\/08\/hogash-placeholder.jpg","url":"http:\/\/localhost\/dannys-restaurant\/wp-content\/uploads\/2017\/08\/hogash-placeholder.jpg"},"_#ef092ef8b17f1b0d17ce0b73f1d1e978#_":{"id":25,"path":"2017\/05\/logo.png","url":"http:\/\/localhost\/dannys-restaurant\/wp-content\/uploads\/2017\/05\/logo.png"},"_#e4641de9f036b5c4dfa71453833d3b44#_":{"id":90,"path":"2017\/05\/preloader_logo.png","url":"http:\/\/localhost\/dannys-restaurant\/wp-content\/uploads\/2017\/05\/preloader_logo.png"},"_#800d36a8bc6af8126f1ac0638478c5e6#_":{"id":91,"path":"2017\/05\/map_marker.png","url":"http:\/\/localhost\/dannys-restaurant\/wp-content\/uploads\/2017\/05\/map_marker.png"},"_#c07b8a66bd4821c38f566e0adc7f085f#_":{"id":132,"path":"2017\/05\/banner.jpg","url":"http:\/\/localhost\/dannys-restaurant\/wp-content\/uploads\/2017\/05\/banner.jpg"},"_#e1c1294f5731029e2a757331f8aca32a#_":{"id":153,"path":"2017\/05\/slide_logo.png","url":"http:\/\/localhost\/dannys-restaurant\/wp-content\/uploads\/2017\/05\/slide_logo.png"},"_#3c76aef7707e1e878044998d71e8882b#_":{"id":158,"path":"2017\/05\/404_image.jpg","url":"http:\/\/localhost\/dannys-restaurant\/wp-content\/uploads\/2017\/05\/404_image.jpg"},"_#30be2a6ab1c385e7f7d20df9473daf99#_":{"id":168,"path":"2017\/05\/offer_bubble.png","url":"http:\/\/localhost\/dannys-restaurant\/wp-content\/uploads\/2017\/05\/offer_bubble.png"},"_#fd348532335843b19329adca5a0fd327#_":{"id":244,"path":"revslider\/restaurant_slider\/slide_logo.png","url":"http:\/\/localhost\/dannys-restaurant\/wp-content\/uploads\/revslider\/restaurant_slider\/slide_logo.png"},"_#2989579acbe0ad15a3b988a10c0202ed#_":{"id":356,"path":"2017\/06\/DannysFavicon.png","url":"http:\/\/localhost\/dannys-restaurant\/wp-content\/uploads\/2017\/06\/DannysFavicon.png"},"_#daa478edc2852b26a1dcd53012629ef6#_":{"id":357,"path":"2017\/06\/cropped-DannysFavicon.png","url":"http:\/\/localhost\/dannys-restaurant\/wp-content\/uploads\/2017\/06\/cropped-DannysFavicon.png"},"_#7ca8bd622e225a3c923e16058ff40f85#_":{"id":358,"path":"revslider\/restaurant_slider\/hogash-placeholder.jpg","url":"http:\/\/localhost\/dannys-restaurant\/wp-content\/uploads\/revslider\/restaurant_slider\/hogash-placeholder.jpg"}}