{"locations":{"main_navigation":{"term_id":2,"name":"Main Menu","slug":"main-menu","term_group":0,"term_taxonomy_id":33,"taxonomy":"nav_menu","description":"","parent":0,"count":16,"filter":"raw"}},"menus":{"Main Menu":[{"ID":401,"post_author":"1","post_date":"2017-05-10 09:31:58","post_date_gmt":"2017-05-10 09:31:58","post_content":"","post_title":"Home","post_excerpt":"","post_status":"publish","comment_status":"closed","ping_status":"closed","post_password":"","post_name":"home","to_ping":"","pinged":"","post_modified":"2019-01-07 11:20:32","post_modified_gmt":"2019-01-07 11:20:32","post_content_filtered":"","post_parent":0,"guid":"http:\/\/localhost\/dannys-restaurant\/2017\/05\/10\/home\/","menu_order":1,"post_type":"nav_menu_item","post_mime_type":"","comment_count":"0","filter":"raw","db_id":401,"menu_item_parent":"0","object_id":"401","object":"custom","type":"custom","type_label":"Custom Link","title":"Home","url":"#","target":"","attr_title":"","description":"","classes":[""],"xfn":"","_menu_item_zn_mega_menu_enable":"","_menu_item_zn_mega_menu_label":"","_menu_item_zn_mega_menu_headers":"","_menu_item_zn_mega_menu_smart_area":""},{"ID":402,"post_author":"1","post_date":"2017-05-09 09:18:59","post_date_gmt":"2017-05-09 09:18:59","post_content":"","post_title":"Home \u2013 Default","post_excerpt":"","post_status":"publish","comment_status":"closed","ping_status":"closed","post_password":"","post_name":"89","to_ping":"","pinged":"","post_modified":"2019-01-07 11:20:32","post_modified_gmt":"2019-01-07 11:20:32","post_content_filtered":"","post_parent":0,"guid":"http:\/\/localhost\/dannys-restaurant\/2017\/05\/09\/89\/","menu_order":2,"post_type":"nav_menu_item","post_mime_type":"","comment_count":"0","filter":"raw","db_id":402,"menu_item_parent":"401","object_id":"395","object":"page","type":"post_type","type_label":"Page","url":"_SITE_URL_\/","title":"Home \u2013 Default","target":"","attr_title":"","description":"","classes":[""],"xfn":"","_menu_item_zn_mega_menu_enable":"","_menu_item_zn_mega_menu_label":"","_menu_item_zn_mega_menu_headers":"","_menu_item_zn_mega_menu_smart_area":""},{"ID":403,"post_author":"1","post_date":"2017-05-09 10:34:19","post_date_gmt":"2017-05-09 10:34:19","post_content":"","post_title":"Home \u2013 Short","post_excerpt":"","post_status":"publish","comment_status":"closed","ping_status":"closed","post_password":"","post_name":"98","to_ping":"","pinged":"","post_modified":"2019-01-07 11:20:32","post_modified_gmt":"2019-01-07 11:20:32","post_content_filtered":"","post_parent":0,"guid":"http:\/\/localhost\/dannys-restaurant\/2017\/05\/09\/98\/","menu_order":3,"post_type":"nav_menu_item","post_mime_type":"","comment_count":"0","filter":"raw","db_id":403,"menu_item_parent":"401","object_id":"375","object":"page","type":"post_type","type_label":"Page","url":"_SITE_URL_\/home-2\/","title":"Home \u2013 Short","target":"","attr_title":"","description":"","classes":[""],"xfn":"","_menu_item_zn_mega_menu_enable":"","_menu_item_zn_mega_menu_label":"","_menu_item_zn_mega_menu_headers":"","_menu_item_zn_mega_menu_smart_area":""},{"ID":404,"post_author":"1","post_date":"2017-05-09 10:34:19","post_date_gmt":"2017-05-09 10:34:19","post_content":"","post_title":"Home \u2013 Oblique","post_excerpt":"","post_status":"publish","comment_status":"closed","ping_status":"closed","post_password":"","post_name":"home-oblique","to_ping":"","pinged":"","post_modified":"2019-01-07 11:20:32","post_modified_gmt":"2019-01-07 11:20:32","post_content_filtered":"","post_parent":0,"guid":"http:\/\/localhost\/dannys-restaurant\/2017\/05\/09\/home-oblique\/","menu_order":4,"post_type":"nav_menu_item","post_mime_type":"","comment_count":"0","filter":"raw","db_id":404,"menu_item_parent":"401","object_id":"390","object":"page","type":"post_type","type_label":"Page","url":"_SITE_URL_\/home-oblique\/","title":"Home \u2013 Oblique","target":"","attr_title":"","description":"","classes":[""],"xfn":"","_menu_item_zn_mega_menu_enable":"","_menu_item_zn_mega_menu_label":"","_menu_item_zn_mega_menu_headers":"","_menu_item_zn_mega_menu_smart_area":""},{"ID":405,"post_author":"1","post_date":"2017-05-10 09:30:00","post_date_gmt":"2017-05-10 09:30:00","post_content":"","post_title":"Menu","post_excerpt":"","post_status":"publish","comment_status":"closed","ping_status":"closed","post_password":"","post_name":"menu","to_ping":"","pinged":"","post_modified":"2019-01-07 11:20:32","post_modified_gmt":"2019-01-07 11:20:32","post_content_filtered":"","post_parent":0,"guid":"http:\/\/localhost\/dannys-restaurant\/2017\/05\/10\/menu\/","menu_order":5,"post_type":"nav_menu_item","post_mime_type":"","comment_count":"0","filter":"raw","db_id":405,"menu_item_parent":"0","object_id":"405","object":"custom","type":"custom","type_label":"Custom Link","title":"Menu","url":"#","target":"","attr_title":"","description":"","classes":[""],"xfn":"","_menu_item_zn_mega_menu_enable":"","_menu_item_zn_mega_menu_label":"","_menu_item_zn_mega_menu_headers":"","_menu_item_zn_mega_menu_smart_area":""},{"ID":406,"post_author":"1","post_date":"2017-05-09 09:18:59","post_date_gmt":"2017-05-09 09:18:59","post_content":"","post_title":"Menu \u2013 Stretched","post_excerpt":"","post_status":"publish","comment_status":"closed","ping_status":"closed","post_password":"","post_name":"88","to_ping":"","pinged":"","post_modified":"2019-01-07 11:20:32","post_modified_gmt":"2019-01-07 11:20:32","post_content_filtered":"","post_parent":0,"guid":"http:\/\/localhost\/dannys-restaurant\/2017\/05\/09\/88\/","menu_order":6,"post_type":"nav_menu_item","post_mime_type":"","comment_count":"0","filter":"raw","db_id":406,"menu_item_parent":"405","object_id":"392","object":"page","type":"post_type","type_label":"Page","url":"_SITE_URL_\/menu\/","title":"Menu \u2013 Stretched","target":"","attr_title":"","description":"","classes":[""],"xfn":"","_menu_item_zn_mega_menu_enable":"","_menu_item_zn_mega_menu_label":"","_menu_item_zn_mega_menu_headers":"","_menu_item_zn_mega_menu_smart_area":""},{"ID":407,"post_author":"1","post_date":"2017-05-09 09:18:59","post_date_gmt":"2017-05-09 09:18:59","post_content":"","post_title":"Menu \u2013 Boxed","post_excerpt":"","post_status":"publish","comment_status":"closed","ping_status":"closed","post_password":"","post_name":"menu-boxed","to_ping":"","pinged":"","post_modified":"2019-01-07 11:20:32","post_modified_gmt":"2019-01-07 11:20:32","post_content_filtered":"","post_parent":0,"guid":"http:\/\/localhost\/dannys-restaurant\/2017\/05\/09\/menu-boxed\/","menu_order":7,"post_type":"nav_menu_item","post_mime_type":"","comment_count":"0","filter":"raw","db_id":407,"menu_item_parent":"405","object_id":"391","object":"page","type":"post_type","type_label":"Page","url":"_SITE_URL_\/menu-boxed\/","title":"Menu \u2013 Boxed","target":"","attr_title":"","description":"","classes":[""],"xfn":"","_menu_item_zn_mega_menu_enable":"","_menu_item_zn_mega_menu_label":"","_menu_item_zn_mega_menu_headers":"","_menu_item_zn_mega_menu_smart_area":""},{"ID":408,"post_author":"1","post_date":"2017-05-10 12:55:58","post_date_gmt":"2017-05-10 12:55:58","post_content":"","post_title":"Reservation","post_excerpt":"","post_status":"publish","comment_status":"closed","ping_status":"closed","post_password":"","post_name":"reservation","to_ping":"","pinged":"","post_modified":"2019-01-07 11:20:32","post_modified_gmt":"2019-01-07 11:20:32","post_content_filtered":"","post_parent":0,"guid":"http:\/\/localhost\/dannys-restaurant\/2017\/05\/10\/reservation\/","menu_order":8,"post_type":"nav_menu_item","post_mime_type":"","comment_count":"0","filter":"raw","db_id":408,"menu_item_parent":"0","object_id":"408","object":"custom","type":"custom","type_label":"Custom Link","title":"Reservation","url":"#","target":"","attr_title":"","description":"","classes":[""],"xfn":"","_menu_item_zn_mega_menu_enable":"","_menu_item_zn_mega_menu_label":"","_menu_item_zn_mega_menu_headers":"","_menu_item_zn_mega_menu_smart_area":""},{"ID":409,"post_author":"1","post_date":"2017-05-10 12:55:58","post_date_gmt":"2017-05-10 12:55:58","post_content":"","post_title":"Reservation Form","post_excerpt":"","post_status":"publish","comment_status":"closed","ping_status":"closed","post_password":"","post_name":"reservation-form","to_ping":"","pinged":"","post_modified":"2019-01-07 11:20:32","post_modified_gmt":"2019-01-07 11:20:32","post_content_filtered":"","post_parent":0,"guid":"http:\/\/localhost\/dannys-restaurant\/2017\/05\/10\/reservation-form\/","menu_order":9,"post_type":"nav_menu_item","post_mime_type":"","comment_count":"0","filter":"raw","db_id":409,"menu_item_parent":"408","object_id":"389","object":"page","type":"post_type","type_label":"Page","url":"_SITE_URL_\/reservation\/","title":"Reservation Form","target":"","attr_title":"","description":"","classes":[""],"xfn":"","_menu_item_zn_mega_menu_enable":"","_menu_item_zn_mega_menu_label":"","_menu_item_zn_mega_menu_headers":"","_menu_item_zn_mega_menu_smart_area":""},{"ID":410,"post_author":"1","post_date":"2017-05-10 12:55:58","post_date_gmt":"2017-05-10 12:55:58","post_content":"","post_title":"Reservation Form and Content","post_excerpt":"","post_status":"publish","comment_status":"closed","ping_status":"closed","post_password":"","post_name":"reservation-form-and-content","to_ping":"","pinged":"","post_modified":"2019-01-07 11:20:32","post_modified_gmt":"2019-01-07 11:20:32","post_content_filtered":"","post_parent":0,"guid":"http:\/\/localhost\/dannys-restaurant\/2017\/05\/10\/reservation-form-and-content\/","menu_order":10,"post_type":"nav_menu_item","post_mime_type":"","comment_count":"0","filter":"raw","db_id":410,"menu_item_parent":"408","object_id":"388","object":"page","type":"post_type","type_label":"Page","url":"_SITE_URL_\/reservation-and-content\/","title":"Reservation Form and Content","target":"","attr_title":"","description":"","classes":[""],"xfn":"","_menu_item_zn_mega_menu_enable":"","_menu_item_zn_mega_menu_label":"","_menu_item_zn_mega_menu_headers":"","_menu_item_zn_mega_menu_smart_area":""},{"ID":411,"post_author":"1","post_date":"2017-06-08 10:58:20","post_date_gmt":"2017-06-08 10:58:20","post_content":"","post_title":"Shop","post_excerpt":"","post_status":"publish","comment_status":"closed","ping_status":"closed","post_password":"","post_name":"shop-with-sidebar","to_ping":"","pinged":"","post_modified":"2019-01-07 11:20:32","post_modified_gmt":"2019-01-07 11:20:32","post_content_filtered":"","post_parent":0,"guid":"http:\/\/localhost\/dannys-restaurant\/2017\/06\/08\/shop-with-sidebar\/","menu_order":11,"post_type":"nav_menu_item","post_mime_type":"","comment_count":"0","filter":"raw","db_id":411,"menu_item_parent":"0","object_id":"375","object":"page","type":"post_type","type_label":"Page","url":"_SITE_URL_\/home-2\/","title":"Shop","target":"","attr_title":"","description":"","classes":[""],"xfn":"","_menu_item_zn_mega_menu_enable":"","_menu_item_zn_mega_menu_label":"","_menu_item_zn_mega_menu_headers":"","_menu_item_zn_mega_menu_smart_area":""},{"ID":412,"post_author":"1","post_date":"2017-05-10 12:56:16","post_date_gmt":"2017-05-10 12:56:16","post_content":"","post_title":"Shop full width","post_excerpt":"","post_status":"publish","comment_status":"closed","ping_status":"closed","post_password":"","post_name":"162","to_ping":"","pinged":"","post_modified":"2019-01-07 11:20:32","post_modified_gmt":"2019-01-07 11:20:32","post_content_filtered":"","post_parent":0,"guid":"http:\/\/localhost\/dannys-restaurant\/2017\/05\/10\/162\/","menu_order":12,"post_type":"nav_menu_item","post_mime_type":"","comment_count":"0","filter":"raw","db_id":412,"menu_item_parent":"411","object_id":"397","object":"page","type":"post_type","type_label":"Page","url":"_SITE_URL_\/shop\/","title":"Shop full width","target":"","attr_title":"","description":"","classes":[""],"xfn":"","_menu_item_zn_mega_menu_enable":"","_menu_item_zn_mega_menu_label":"","_menu_item_zn_mega_menu_headers":"","_menu_item_zn_mega_menu_smart_area":""},{"ID":413,"post_author":"1","post_date":"2017-05-09 12:03:10","post_date_gmt":"2017-05-09 12:03:10","post_content":" ","post_title":"","post_excerpt":"","post_status":"publish","comment_status":"closed","ping_status":"closed","post_password":"","post_name":"106","to_ping":"","pinged":"","post_modified":"2019-01-07 11:20:32","post_modified_gmt":"2019-01-07 11:20:32","post_content_filtered":"","post_parent":0,"guid":"http:\/\/localhost\/dannys-restaurant\/2017\/05\/09\/106\/","menu_order":13,"post_type":"nav_menu_item","post_mime_type":"","comment_count":"0","filter":"raw","db_id":413,"menu_item_parent":"0","object_id":"374","object":"page","type":"post_type","type_label":"Page","url":"_SITE_URL_\/news\/","title":"News","target":"","attr_title":"","description":"","classes":[""],"xfn":"","_menu_item_zn_mega_menu_enable":"","_menu_item_zn_mega_menu_label":"","_menu_item_zn_mega_menu_headers":"","_menu_item_zn_mega_menu_smart_area":""},{"ID":414,"post_author":"1","post_date":"2017-05-10 09:31:58","post_date_gmt":"2017-05-10 09:31:58","post_content":"","post_title":"Contact","post_excerpt":"","post_status":"publish","comment_status":"closed","ping_status":"closed","post_password":"","post_name":"contact","to_ping":"","pinged":"","post_modified":"2019-01-07 11:20:32","post_modified_gmt":"2019-01-07 11:20:32","post_content_filtered":"","post_parent":0,"guid":"http:\/\/localhost\/dannys-restaurant\/2017\/05\/10\/contact\/","menu_order":14,"post_type":"nav_menu_item","post_mime_type":"","comment_count":"0","filter":"raw","db_id":414,"menu_item_parent":"0","object_id":"414","object":"custom","type":"custom","type_label":"Custom Link","title":"Contact","url":"#","target":"","attr_title":"","description":"","classes":[""],"xfn":"","_menu_item_zn_mega_menu_enable":"","_menu_item_zn_mega_menu_label":"","_menu_item_zn_mega_menu_headers":"","_menu_item_zn_mega_menu_smart_area":""},{"ID":415,"post_author":"1","post_date":"2017-05-09 10:34:19","post_date_gmt":"2017-05-09 10:34:19","post_content":"","post_title":"Contact \u2013 Simple","post_excerpt":"","post_status":"publish","comment_status":"closed","ping_status":"closed","post_password":"","post_name":"101","to_ping":"","pinged":"","post_modified":"2019-01-07 11:20:32","post_modified_gmt":"2019-01-07 11:20:32","post_content_filtered":"","post_parent":0,"guid":"http:\/\/localhost\/dannys-restaurant\/2017\/05\/09\/101\/","menu_order":15,"post_type":"nav_menu_item","post_mime_type":"","comment_count":"0","filter":"raw","db_id":415,"menu_item_parent":"414","object_id":"393","object":"page","type":"post_type","type_label":"Page","url":"_SITE_URL_\/contact-us\/","title":"Contact \u2013 Simple","target":"","attr_title":"","description":"","classes":[""],"xfn":"","_menu_item_zn_mega_menu_enable":"","_menu_item_zn_mega_menu_label":"","_menu_item_zn_mega_menu_headers":"","_menu_item_zn_mega_menu_smart_area":""},{"ID":416,"post_author":"1","post_date":"2017-05-09 10:34:19","post_date_gmt":"2017-05-09 10:34:19","post_content":"","post_title":"Contact \u2013 With Google Map","post_excerpt":"","post_status":"publish","comment_status":"closed","ping_status":"closed","post_password":"","post_name":"100","to_ping":"","pinged":"","post_modified":"2019-01-07 11:20:32","post_modified_gmt":"2019-01-07 11:20:32","post_content_filtered":"","post_parent":0,"guid":"http:\/\/localhost\/dannys-restaurant\/2017\/05\/09\/100\/","menu_order":16,"post_type":"nav_menu_item","post_mime_type":"","comment_count":"0","filter":"raw","db_id":416,"menu_item_parent":"414","object_id":"376","object":"page","type":"post_type","type_label":"Page","url":"_SITE_URL_\/contact-us-with-google-map\/","title":"Contact \u2013 With Google Map","target":"","attr_title":"","description":"","classes":[""],"xfn":"","_menu_item_zn_mega_menu_enable":"","_menu_item_zn_mega_menu_label":"","_menu_item_zn_mega_menu_headers":"","_menu_item_zn_mega_menu_smart_area":""}],"Restaurant Menu":[{"ID":417,"post_author":"1","post_date":"2017-06-06 09:54:37","post_date_gmt":"2017-06-06 09:54:37","post_content":" ","post_title":"","post_excerpt":"","post_status":"publish","comment_status":"closed","ping_status":"closed","post_password":"","post_name":"328","to_ping":"","pinged":"","post_modified":"2019-01-07 11:20:32","post_modified_gmt":"2019-01-07 11:20:32","post_content_filtered":"","post_parent":0,"guid":"http:\/\/localhost\/dannys-restaurant\/2017\/06\/06\/328\/","menu_order":1,"post_type":"nav_menu_item","post_mime_type":"","comment_count":"0","filter":"raw","db_id":417,"menu_item_parent":"0","object_id":"17","object":"product_cat","type":"taxonomy","type_label":"Category","url":"_SITE_URL_\/product-category\/all\/","title":"All","target":"","attr_title":"","description":"","classes":[""],"xfn":"","_menu_item_zn_mega_menu_enable":"","_menu_item_zn_mega_menu_label":"","_menu_item_zn_mega_menu_headers":"","_menu_item_zn_mega_menu_smart_area":""},{"ID":418,"post_author":"1","post_date":"2017-06-06 09:54:37","post_date_gmt":"2017-06-06 09:54:37","post_content":" ","post_title":"","post_excerpt":"","post_status":"publish","comment_status":"closed","ping_status":"closed","post_password":"","post_name":"334","to_ping":"","pinged":"","post_modified":"2019-01-07 11:20:32","post_modified_gmt":"2019-01-07 11:20:32","post_content_filtered":"","post_parent":0,"guid":"http:\/\/localhost\/dannys-restaurant\/2017\/06\/06\/334\/","menu_order":2,"post_type":"nav_menu_item","post_mime_type":"","comment_count":"0","filter":"raw","db_id":418,"menu_item_parent":"0","object_id":"18","object":"product_cat","type":"taxonomy","type_label":"Category","url":"_SITE_URL_\/product-category\/starters\/","title":"Starters","target":"","attr_title":"","description":"","classes":[""],"xfn":"","_menu_item_zn_mega_menu_enable":"","_menu_item_zn_mega_menu_label":"","_menu_item_zn_mega_menu_headers":"","_menu_item_zn_mega_menu_smart_area":""},{"ID":419,"post_author":"1","post_date":"2017-06-06 09:54:37","post_date_gmt":"2017-06-06 09:54:37","post_content":" ","post_title":"","post_excerpt":"","post_status":"publish","comment_status":"closed","ping_status":"closed","post_password":"","post_name":"332","to_ping":"","pinged":"","post_modified":"2019-01-07 11:20:32","post_modified_gmt":"2019-01-07 11:20:32","post_content_filtered":"","post_parent":0,"guid":"http:\/\/localhost\/dannys-restaurant\/2017\/06\/06\/332\/","menu_order":3,"post_type":"nav_menu_item","post_mime_type":"","comment_count":"0","filter":"raw","db_id":419,"menu_item_parent":"0","object_id":"19","object":"product_cat","type":"taxonomy","type_label":"Category","url":"_SITE_URL_\/product-category\/main\/","title":"Main","target":"","attr_title":"","description":"","classes":[""],"xfn":"","_menu_item_zn_mega_menu_enable":"","_menu_item_zn_mega_menu_label":"","_menu_item_zn_mega_menu_headers":"","_menu_item_zn_mega_menu_smart_area":""},{"ID":420,"post_author":"1","post_date":"2017-06-06 09:54:37","post_date_gmt":"2017-06-06 09:54:37","post_content":" ","post_title":"","post_excerpt":"","post_status":"publish","comment_status":"closed","ping_status":"closed","post_password":"","post_name":"331","to_ping":"","pinged":"","post_modified":"2019-01-07 11:20:32","post_modified_gmt":"2019-01-07 11:20:32","post_content_filtered":"","post_parent":0,"guid":"http:\/\/localhost\/dannys-restaurant\/2017\/06\/06\/331\/","menu_order":4,"post_type":"nav_menu_item","post_mime_type":"","comment_count":"0","filter":"raw","db_id":420,"menu_item_parent":"0","object_id":"20","object":"product_cat","type":"taxonomy","type_label":"Category","url":"_SITE_URL_\/product-category\/desert\/","title":"Desert","target":"","attr_title":"","description":"","classes":[""],"xfn":"","_menu_item_zn_mega_menu_enable":"","_menu_item_zn_mega_menu_label":"","_menu_item_zn_mega_menu_headers":"","_menu_item_zn_mega_menu_smart_area":""},{"ID":421,"post_author":"1","post_date":"2017-06-06 09:54:38","post_date_gmt":"2017-06-06 09:54:38","post_content":" ","post_title":"","post_excerpt":"","post_status":"publish","comment_status":"closed","ping_status":"closed","post_password":"","post_name":"330","to_ping":"","pinged":"","post_modified":"2019-01-07 11:20:32","post_modified_gmt":"2019-01-07 11:20:32","post_content_filtered":"","post_parent":0,"guid":"http:\/\/localhost\/dannys-restaurant\/2017\/06\/06\/330\/","menu_order":5,"post_type":"nav_menu_item","post_mime_type":"","comment_count":"0","filter":"raw","db_id":421,"menu_item_parent":"0","object_id":"22","object":"product_cat","type":"taxonomy","type_label":"Category","url":"_SITE_URL_\/product-category\/daily-menu\/","title":"Daily Menu","target":"","attr_title":"","description":"","classes":[""],"xfn":"","_menu_item_zn_mega_menu_enable":"","_menu_item_zn_mega_menu_label":"","_menu_item_zn_mega_menu_headers":"","_menu_item_zn_mega_menu_smart_area":""},{"ID":422,"post_author":"1","post_date":"2017-06-06 09:54:38","post_date_gmt":"2017-06-06 09:54:38","post_content":" ","post_title":"","post_excerpt":"","post_status":"publish","comment_status":"closed","ping_status":"closed","post_password":"","post_name":"chefs-speciality-2","to_ping":"","pinged":"","post_modified":"2019-01-07 11:20:32","post_modified_gmt":"2019-01-07 11:20:32","post_content_filtered":"","post_parent":0,"guid":"http:\/\/localhost\/dannys-restaurant\/2017\/06\/06\/chefs-speciality-2\/","menu_order":6,"post_type":"nav_menu_item","post_mime_type":"","comment_count":"0","filter":"raw","db_id":422,"menu_item_parent":"0","object_id":"23","object":"product_cat","type":"taxonomy","type_label":"Category","url":"_SITE_URL_\/product-category\/chefs-speciality\/","title":"Chef's Speciality","target":"","attr_title":"","description":"","classes":[""],"xfn":"","_menu_item_zn_mega_menu_enable":"","_menu_item_zn_mega_menu_label":"","_menu_item_zn_mega_menu_headers":"","_menu_item_zn_mega_menu_smart_area":""},{"ID":423,"post_author":"1","post_date":"2017-06-06 09:54:38","post_date_gmt":"2017-06-06 09:54:38","post_content":" ","post_title":"","post_excerpt":"","post_status":"publish","comment_status":"closed","ping_status":"closed","post_password":"","post_name":"333","to_ping":"","pinged":"","post_modified":"2019-01-07 11:20:32","post_modified_gmt":"2019-01-07 11:20:32","post_content_filtered":"","post_parent":0,"guid":"http:\/\/localhost\/dannys-restaurant\/2017\/06\/06\/333\/","menu_order":7,"post_type":"nav_menu_item","post_mime_type":"","comment_count":"0","filter":"raw","db_id":423,"menu_item_parent":"0","object_id":"24","object":"product_cat","type":"taxonomy","type_label":"Category","url":"_SITE_URL_\/product-category\/offers\/","title":"Offers","target":"","attr_title":"","description":"","classes":[""],"xfn":"","_menu_item_zn_mega_menu_enable":"","_menu_item_zn_mega_menu_label":"","_menu_item_zn_mega_menu_headers":"","_menu_item_zn_mega_menu_smart_area":""}]}}