{"revslider":["restaurant_slider"],"woocommerce":[{"option_name":"shop_catalog_image_size","option_value":{"width":"360","height":"360","crop":1},"autoload":"yes"},{"option_name":"shop_single_image_size","option_value":{"width":"600","height":"600","crop":1},"autoload":"yes"},{"option_name":"shop_thumbnail_image_size","option_value":{"width":"180","height":"180","crop":1},"autoload":"yes"},{"option_name":"woocommerce_cart_page_id","option_value":"398","autoload":"yes"},{"option_name":"woocommerce_category_archive_display","option_value":"","autoload":"yes"},{"option_name":"woocommerce_checkout_page_id","option_value":"399","autoload":"yes"},{"option_name":"woocommerce_myaccount_page_id","option_value":"400","autoload":"yes"},{"option_name":"woocommerce_permalinks","option_value":{"product_base":"product","category_base":"product-category","tag_base":"product-tag","attribute_base":"","use_verbose_page_rules":false},"autoload":"yes"},{"option_name":"woocommerce_shop_page_display","option_value":"","autoload":"yes"},{"option_name":"woocommerce_shop_page_id","option_value":"397","autoload":"yes"},{"option_name":"woocommerce_terms_page_id","option_value":"","autoload":"no"}]}