[{"term_id":515,"name":"All","slug":"all","term_group":0,"term_taxonomy_id":18,"taxonomy":"category","description":"","parent":0,"count":7,"filter":"raw"},{"term_id":32,"name":"Chef's Speciality","slug":"chefs-speciality","term_group":0,"term_taxonomy_id":19,"taxonomy":"category","description":"","parent":0,"count":2,"filter":"raw"},{"term_id":31,"name":"Daily Menu","slug":"daily-menu","term_group":0,"term_taxonomy_id":20,"taxonomy":"category","description":"","parent":0,"count":1,"filter":"raw"},{"term_id":29,"name":"Desert","slug":"desert","term_group":0,"term_taxonomy_id":21,"taxonomy":"category","description":"","parent":0,"count":3,"filter":"raw"},{"term_id":30,"name":"Drinks","slug":"drinks","term_group":0,"term_taxonomy_id":22,"taxonomy":"category","description":"","parent":0,"count":1,"filter":"raw"},{"term_id":28,"name":"Main","slug":"main","term_group":0,"term_taxonomy_id":23,"taxonomy":"category","description":"","parent":0,"count":3,"filter":"raw"},{"term_id":33,"name":"Offers","slug":"offers","term_group":0,"term_taxonomy_id":24,"taxonomy":"category","description":"","parent":0,"count":5,"filter":"raw"},{"term_id":27,"name":"Starters","slug":"starters","term_group":0,"term_taxonomy_id":25,"taxonomy":"category","description":"","parent":0,"count":1,"filter":"raw"},{"term_id":1,"name":"Uncategorized","slug":"uncategorized","term_group":0,"term_taxonomy_id":1,"taxonomy":"category","description":"","parent":0,"count":1,"filter":"raw"},{"term_id":514,"name":"Uncategorized","slug":"uncategorized","term_group":0,"term_taxonomy_id":16,"taxonomy":"product_cat","description":"","parent":0,"count":0,"filter":"raw","meta_value":null},{"term_id":17,"name":"All","slug":"all","term_group":0,"term_taxonomy_id":26,"taxonomy":"product_cat","description":"","parent":0,"count":14,"filter":"raw","meta_value":"0"},{"term_id":23,"name":"Chef's Speciality","slug":"chefs-speciality","term_group":0,"term_taxonomy_id":27,"taxonomy":"product_cat","description":"","parent":0,"count":7,"filter":"raw","meta_value":"0"},{"term_id":22,"name":"Daily Menu","slug":"daily-menu","term_group":0,"term_taxonomy_id":28,"taxonomy":"product_cat","description":"","parent":0,"count":4,"filter":"raw","meta_value":"0"},{"term_id":20,"name":"Desert","slug":"desert","term_group":0,"term_taxonomy_id":29,"taxonomy":"product_cat","description":"","parent":0,"count":7,"filter":"raw","meta_value":"0"},{"term_id":19,"name":"Main","slug":"main","term_group":0,"term_taxonomy_id":30,"taxonomy":"product_cat","description":"","parent":0,"count":8,"filter":"raw","meta_value":"0"},{"term_id":24,"name":"Offers","slug":"offers","term_group":0,"term_taxonomy_id":31,"taxonomy":"product_cat","description":"","parent":0,"count":5,"filter":"raw","meta_value":"0"},{"term_id":18,"name":"Starters","slug":"starters","term_group":0,"term_taxonomy_id":32,"taxonomy":"product_cat","description":"","parent":0,"count":8,"filter":"raw","meta_value":"0"}]