{"general_options":{"page_preloader":"img-breath","page_preloader_bg":"#16191e","page_preloader_img":"_#e4641de9f036b5c4dfa71453833d3b44#__IMAGE_LINK_","smooth_scroll":"0.75","smooth_scroll_osx":"no","header_bg_color":"","header_bg_image":{"image":"","repeat":"no-repeat","attachment":"scroll","position":{"x":"center","y":"center"},"size":"cover"},"header_sticky":"sticky","logo_sticky":"","head_position":"relative","header_width":{"lg":"1715","unit_lg":"px","md":"","unit_md":"px","sm":"","unit_sm":"px","xs":"","unit_xs":"px"},"header_height":{"lg":"","unit_lg":"px","md":"","unit_md":"px","sm":"","unit_sm":"px","xs":"","unit_xs":"px"},"header_social_icons_hidexs":"hidden-xs","head_show_logo":"yes","logo_upload":"_#ef092ef8b17f1b0d17ce0b73f1d1e978#__IMAGE_LINK_","logo_size":"custom","logo_manual_size":{"width":"185","height":""},"logo_upload_mobile":"","logo_font":{"font-family":"","font-size":"36px","line-height":"40px","font-weight":"","color":"#000","font-style":"normal"},"logo_hover":{"font-family":"","color":"#CD2122"},"logo_bg":"","wrap_h1":"no","menu_font":{"font-family":"Montserrat","font-size":"11px","line-height":"22px","font-weight":"700","color":"#ffffff","font-style":"","letter-spacing":"2px","text-transform":"uppercase"},"menu_font_active":"","menu_font_sub":{"font-family":"Montserrat","font-size":"11px","line-height":"30px","font-weight":"700","color":"","font-style":"","text-transform":""},"submenu_bg_color":"","header_res_width":"992","burger_color_custom":"","hovrl_close_pos":"trSmall","hovrl_bgcolor":"","hovrl_font_breakpoints":"lg","hovrl_typo":{"font-family":"","font-size":"","line-height":"","font-weight":"","font-style":"","letter-spacing":"","text-transform":""},"hovrl_typo_md":{"font-size":"","line-height":"","letter-spacing":""},"hovrl_typo_sm":{"font-size":"","line-height":"","letter-spacing":""},"hovrl_typo_xs":{"font-size":"","line-height":"","letter-spacing":""},"hovrl_typo_submenu":{"font-size":"","line-height":"","font-weight":"","font-style":"","letter-spacing":"","text-transform":""},"hovrl_menu_theme":"light","hovrl_logo":"","hovrl_social":"no","hovrl_footertext":"","hovrl_ctext":"","hovrl_ctext_typo":{"font-family":"","font-size":"10px","line-height":"","font-weight":"","color":"","font-style":"","letter-spacing":"2px","text-transform":""},"cta_custom":[{"cta_text":"Reservations","cta_link":{"url":"_SITE_URL_\/reservation-and-content\/","target":"_self","title":""},"cta_style":"btn-primary","bg_custom_color":"#cd9933","bg_custom_color_hover":"#b7882d","text_custom_color":"#0a0a0a","text_custom_color_hover":"#0a0a0a","border_custom_color":"","border_custom_color_hover":"","cta_size":"btn-md","cta_corners":"btn--square","button_typo":{"font-family":"Montserrat","font-size":"11px","line-height":"20px","font-weight":"700","font-style":"","letter-spacing":"3px","text-transform":"uppercase"},"cta_icon_enable":"no","cta_icon_pos":"before","cta_icon":{"family":"","unicode":""},"cta_perm":"all","cta_hide_xs":"zn_dummy_value"}],"show_topbar":"no","topbar_bg_color":"","topbar_dark_text":"no","header_custom-text":"","header_custom-text_hidexs":"hidden-xs","header_languages":"no","header_languages_hidexs":"hidden-xs","topbar_menu_hidexs":"hidden-xs","show_breadcrumbs":"yes","show_breadcrumbs_frontpage":"no","breadcrumbs_text_style":"dark","breadcrumbs_home_text":"Home","breadcrumbs_show_current":"yes","footer_show":"yes","copyright_text":"\u00a9 2017. All rights reserved. Buy <a href=\"https:\/\/themeforest.net\/user\/hogash\/portfolio?ref=hogash\">Danny's Theme<\/a>.","google_analytics":"","rec_theme":"light","rec_pub_key":"","rec_priv_key":"","recaptcha_lang":"en","woo_show_cart":"yes","header_cart_hidexs":["sm","xs"],"woo_cart_theme":"dark","mailchimp_api":"","mailchimp_double_opt_in":"zn_dummy_value","zn_option_field":"general_options"},"google_font_options":{"zn_google_fonts_setup":{"Poppins":{"font_family":"Poppins","font_variants":["0","1","2","3","4"]},"Great+Vibes":{"font_family":"Great Vibes","font_variants":["0"]},"Open+Sans":{"font_family":"Open Sans","font_variants":["0"]},"Playfair+Display":{"font_family":"Playfair Display","font_variants":["0"]},"Montserrat":{"font_family":"Montserrat"}},"zn_option_field":"google_font_options"},"font_options":{"body_font":{"font-family":"Poppins","font-size":"14px","line-height":"30px"},"h1_typo":{"font-family":"Poppins","font-size":"34px","line-height":"44px","font-weight":"600","font-style":""},"h2_typo":{"font-family":"Poppins","font-size":"24px","line-height":"34px","font-weight":"600","font-style":""},"h3_typo":{"font-family":"Poppins","font-size":"18px","line-height":"28px","font-weight":"600","font-style":""},"h4_typo":{"font-family":"Poppins","font-size":"14px","line-height":"24px","font-weight":"600","font-style":""},"h5_typo":{"font-family":"Poppins","font-size":"11px","line-height":"11px","font-weight":"400","font-style":""},"h6_typo":{"font-family":"Poppins","font-size":"9px","line-height":"9px","font-weight":"600","font-style":""},"zn_option_field":"font_options"},"pb_layouts":{"pbtmpl_general":{"header_location":"before","header_template":"no_template","footer_location":"replace","footer_template":"362"},"pbtmpl_post":{"header_location":"after","header_template":"253","footer_location":"","footer_template":""},"pbtmpl_product":{"header_location":"after","header_template":"","footer_location":"","footer_template":""},"pbtmpl_category":{"header_location":"after","header_template":"253","footer_location":"","footer_template":""},"pbtmpl_product_cat":{"header_location":"after","header_template":"","footer_location":"","footer_template":""},"zn_option_field":"pb_layouts"},"advanced_options":{"zn_option_field":"advanced_options"},"zn_woocommerce_options":{"woo_catalog_mode":"no","show_cart_to_visitors":"yes","woo_site_search_type":"wp","woo_fancynav":"yes","woo_show_products_per_page":"11","woo_num_columns":"4","woo_num_columns_sidebar":"no","zn_option_field":"zn_woocommerce_options"},"blog_options":{"archive_content_type":"excerpt","archive_page_title":"","use_first_image":"yes","show_author_info":"yes","show_social":"yes","show_tags_cats":"no","show_related_posts":"yes","related_posts_title":"RELATED POSTS","zn_option_field":"blog_options"},"unlimited_sidebars":{"unlimited_sidebars":[{"sidebar_name":"Blog Sidebar"}],"archive_sidebar":{"layout":"right","sidebar":"blog_sidebar"},"blog_sidebar":{"layout":"right","sidebar":"blog_sidebar"},"single_sidebar":{"layout":"right","sidebar":"blog_sidebar"},"page_sidebar":{"layout":"right","sidebar":"defaultsidebar"},"woo_archive_sidebar":{"layout":"no","sidebar":"defaultsidebar"},"woo_single_sidebar":{"layout":"no","sidebar":"defaultsidebar"},"zn_option_field":"unlimited_sidebars"},"options_404":{"img_404":"_#3c76aef7707e1e878044998d71e8882b#__IMAGE_LINK_","zn_option_field":"options_404"}}