{"defaultsidebar":{"search-2":{"title":""},"recent-posts-2":{"title":"","number":5},"recent-comments-2":{"title":"","number":5},"archives-2":{"title":"","count":0,"dropdown":0},"categories-2":{"title":"","count":0,"hierarchical":0,"dropdown":0},"meta-2":{"title":""}},"blog_sidebar":{"categories-3":{"title":"Categories","count":0,"hierarchical":0,"dropdown":0},"text-1":{"title":"","text":"<img style=\"width: 100%;\" src=\"http:\/\/demos.hogash.com\/dannys\/wp-content\/uploads\/sites\/4\/2017\/05\/banner.jpg\" alt=\"\" \/>","filter":true,"visual":true},"custom_html-1":{"title":"Follow Us","content":"[dannys_iconlist theme=\"dark\" class=\"u-mb-2x\"]\r\n[dannys_iconlist_item icon=\"facebook\" url=\"#\" title=\"Just an icon here\"]\r\n[dannys_iconlist_item icon=\"twitter\" url=\"#\" title=\"Just an icon here\"]\r\n[dannys_iconlist_item icon=\"instagram\" url=\"#\" title=\"Just an icon here\"]\r\n[dannys_iconlist_item icon=\"pinterest\" url=\"#\" title=\"Just an icon here\"]\r\n[\/dannys_iconlist]"},"zn_mailchimp-1":{"title":"NEWSLETTER","button_text":"SUBSCRIBE","zn_mailchimp_intro":"Subscribe & receive\r\n15% discount\r\ncoupon","zn_mailchimp_outro":"","widget_theme":"dark","zn_mailchimp_list":"ec23162409"},"wpp-1":{"title":"FEATURED","limit":"3","range":"all","order_by":"views","post_type":"post","freshness":false,"pid":"","cat":"","author":"","shorten_title":{"words":"0","active":false,"length":"25"},"post-excerpt":{"keep_format":false,"words":"0","active":false,"length":"55"},"thumbnail":{"active":false,"width":"15","height":"15","build":"manual","crop":true},"rating":false,"stats_tag":{"comment_count":false,"views":false,"author":false,"date":{"active":false,"format":"F j, Y"},"category":true},"markup":{"custom_html":false,"wpp-start":"&lt;ul class=&quot;wpp-list&quot;&gt;","wpp-end":"&lt;\/ul&gt;","post-html":"&lt;li&gt;{thumb} {title} {stats}&lt;\/li&gt;","title-start":"","title-end":""}}}}